Recht	KUSE
Psychologie	PSYT
Psychologie	XPSY
Sozialwissenschaften	BLIS
Sozialwissenschaften	DZI
Sozialwissenschaften	IHSL
Sozialwissenschaften	SOFI
Sozialwissenschaften	SOLI
Sozialwissenschaften	WAO
Technik	CEAB
Technik	ESTE
Technik	FOGR
Technik	HOLZ
Technik	INFO
Wirtschaftswissenschaften	BEFO
Wirtschaftswissenschaften	BLIS
Wirtschaftswissenschaften	DZI
Wirtschaftswissenschaften	ECON
Wirtschaftswissenschaften	HWWA
Wirtschaftswissenschaften	IFOK
Wirtschaftswissenschaften	IFOL
Wirtschaftswissenschaften	IHSL
Wirtschaftswissenschaften	IWPR
Wirtschaftswissenschaften	KOEL
Wirtschaftswissenschaften	MIND
Wirtschaftswissenschaften	SOFI
