Psychologie	ZAAA
Psychologie	AWPA
Psychologie	WIME
Psychologie	EWK
Psychologie	EJOP
Psychologie	FPP
Psychologie	IJPR
Psychologie	JSPP
Psychologie	NPE
Psychologie	ZOE
Psychologie	BVPE
Psychologie	BVPN
Psychologie	PUA
Psychologie	POPS
Psychologie	PKV
Psychologie	PSYA
Psychologie	PSS
Psychologie	PSYC
Psychologie	PUGK
Psychologie	PCH
Psychologie	RAU
Psychologie	SOC
Psychologie	SOBE
Psychologie	EJCO
Psychologie	TWP
Psychologie	UMPS
Psychologie	VUV
Psychologie	WPSY
Psychologie	WP
Psychologie	ZFO
Psychologie	ZFP
Psychologie	ZFS
Psychologie	ZVS
Psychologie	PSS
Psychologie	PSS
Psychologie	PSS
Recht	AFP
Recht	AKTS
Recht	AUA
Recht	BUMT
Recht	BB
Recht	BB
Recht	CARD
Recht	CF
Recht	CFLA
Recht	DSB
Recht	DAR
Recht	MCDB
Recht	DBWV
Recht	ERBS
Recht	ESTB
Recht	FAMR
Recht	FAMR
Recht	MIET
Recht	STAA
Recht	STB
Recht	DSTZ
Recht	STBG
Recht	VERW
Recht	WIME
Recht	EB
Recht	EUZW
Recht	NDV
Recht	FINR
Recht	GHR
Recht	GMST
Recht	LAK
Recht	IMWI
Recht	JOR
Recht	KOR
Recht	MDR
Recht	NOTB
Recht	PWI
Recht	RTH
Recht	CO
Recht	UR
Recht	UR
Recht	VRA
Recht	VRR
Recht	VOB
Recht	WIRO
Recht	WUWE
Recht	WUB
Recht	WRP
Recht	ZFGK
Recht	ZNER
Recht	ZRP
Recht	ZFR
Recht	WM
Recht	AOB
Recht	VM
Sozialwissenschaften	MFZB
Sozialwissenschaften	ANKR
Sozialwissenschaften	ZAAA
Sozialwissenschaften	AWPA
Sozialwissenschaften	STAA
Sozialwissenschaften	DIWR
Sozialwissenschaften	EWK
Sozialwissenschaften	NDV
Sozialwissenschaften	FEMS
Sozialwissenschaften	FJSB
Sozialwissenschaften	HSR
Sozialwissenschaften	INDB
Sozialwissenschaften	ISI
Sozialwissenschaften	IJAR
Sozialwissenschaften	IP
Sozialwissenschaften	IAA
Sozialwissenschaften	IAC
Sozialwissenschaften	MDA
Sozialwissenschaften	OWG
Sozialwissenschaften	POPS
Sozialwissenschaften	PUGK
Sozialwissenschaften	PUUM
Sozialwissenschaften	RTH
Sozialwissenschaften	SJB
Sozialwissenschaften	SOC
Sozialwissenschaften	SOSY
Sozialwissenschaften	SOFO
Sozialwissenschaften	SOSI
Sozialwissenschaften	SOBE
Sozialwissenschaften	SUG
Sozialwissenschaften	VJH
Sozialwissenschaften	WTRE
Sozialwissenschaften	ZFAA
Sozialwissenschaften	WAX
Sozialwissenschaften	ZFR
Sozialwissenschaften	ZSR
Sozialwissenschaften	ZFS
Sozialwissenschaften	ZFT
Sozialwissenschaften	ZFWU
Technik	ANT
Technik	ASP
Technik	AT
Technik	AUIN
Technik	AUEL
Technik	AE
Technik	AUTO
Technik	AUTI
Technik	BM
Technik	BLEC
Technik	BULK
Technik	CAD
Technik	CAIT
Technik	CAV
Technik	CMAG
Technik	CID
Technik	CITL
Technik	CZ
Technik	CP
Technik	CWT
Technik	CW
Technik	CT
Technik	DSB
Technik	DKT
Technik	DINM
Technik	DLT
Technik	GOV
Technik	EA
Technik	EPRA
Technik	EPP
Technik	ETEC
Technik	ENEV
Technik	EM
Technik	EEK
Technik	ERP
Technik	FERT
Technik	FLUI
Technik	FH
Technik	GITL
Technik	GLIP
Technik	HDLG
Technik	HMD
Technik	HMDS
Technik	IMC
Technik	IA
Technik	MSR
Technik	IT
Technik	INSP
Technik	INST
Technik	IWB
Technik	ISR
Technik	ITB
Technik	ITG
Technik	IX
Technik	KE
Technik	KEM
Technik	KONP
Technik	KUST
Technik	KUSI
Technik	KM
Technik	LABO
Technik	LAPR
Technik	LOGI
Technik	LOGI
Technik	LI
Technik	LOG
Technik	LGK
Technik	MT
Technik	MAMA
Technik	MF
Technik	MAV
Technik	MTME
Technik	NEEN
Technik	OP
Technik	PROC
Technik	PROD
Technik	PP
Technik	QE
Technik	QZ
Technik	RTJ
Technik	SHF
Technik	SCOP
Technik	SCOP
Technik	SWW
Technik	SSP
Technik	TR
Technik	TETE
Technik	THPH
Technik	TT
Technik	TRUC
Technik	VDIN
Technik	VOB
Technik	VT
Technik	WEBE
Technik	WEFO
Technik	WLB
Technik	WFP
Technik	WWT
Technik	CW
Technik	AUBI
Technik	CBIL
Technik	MTA
Wirtschaftswissenschaften	AAA
Wirtschaftswissenschaften	ASW
Wirtschaftswissenschaften	ACQ
Wirtschaftswissenschaften	ADCO
Wirtschaftswissenschaften	AFP
Wirtschaftswissenschaften	ED
Wirtschaftswissenschaften	ED
Wirtschaftswissenschaften	AKTS
Wirtschaftswissenschaften	AAS
Wirtschaftswissenschaften	ABZ
Wirtschaftswissenschaften	AFZ
Wirtschaftswissenschaften	AHGZ
Wirtschaftswissenschaften	BANK
Wirtschaftswissenschaften	AEQ
Wirtschaftswissenschaften	ZAAA
Wirtschaftswissenschaften	AUA
Wirtschaftswissenschaften	AUB
Wirtschaftswissenschaften	AUW
Wirtschaftswissenschaften	ASSC
Wirtschaftswissenschaften	AATG
Wirtschaftswissenschaften	ASP
Wirtschaftswissenschaften	AECO
Wirtschaftswissenschaften	AWOE
Wirtschaftswissenschaften	AWCH
Wirtschaftswissenschaften	AF
Wirtschaftswissenschaften	AUTH
Wirtschaftswissenschaften	AUON
Wirtschaftswissenschaften	AUIN
Wirtschaftswissenschaften	AUTO
Wirtschaftswissenschaften	BA
Wirtschaftswissenschaften	BUMT
Wirtschaftswissenschaften	BI
Wirtschaftswissenschaften	BAMA
Wirtschaftswissenschaften	BM
Wirtschaftswissenschaften	ABAU
Wirtschaftswissenschaften	BBA
Wirtschaftswissenschaften	BSPI
Wirtschaftswissenschaften	ABES
Wirtschaftswissenschaften	BUM
Wirtschaftswissenschaften	BUW
Wirtschaftswissenschaften	BB
Wirtschaftswissenschaften	BB
Wirtschaftswissenschaften	BBL
Wirtschaftswissenschaften	BBLO
Wirtschaftswissenschaften	BFUP
Wirtschaftswissenschaften	BIKE
Wirtschaftswissenschaften	BILN
Wirtschaftswissenschaften	ABIL
Wirtschaftswissenschaften	BILA
Wirtschaftswissenschaften	BIM
Wirtschaftswissenschaften	BOND
Wirtschaftswissenschaften	BE
Wirtschaftswissenschaften	BRAU
Wirtschaftswissenschaften	BW
Wirtschaftswissenschaften	BWI
Wirtschaftswissenschaften	BUS
Wirtschaftswissenschaften	BUSR
Wirtschaftswissenschaften	BUIM
Wirtschaftswissenschaften	CARD
Wirtschaftswissenschaften	CASH
Wirtschaftswissenschaften	ACAS
Wirtschaftswissenschaften	CATI
Wirtschaftswissenschaften	CFO
Wirtschaftswissenschaften	CHX
Wirtschaftswissenschaften	CIPA
Wirtschaftswissenschaften	CLIN
Wirtschaftswissenschaften	CP
Wirtschaftswissenschaften	CW
Wirtschaftswissenschaften	COWI
Wirtschaftswissenschaften	CS
Wirtschaftswissenschaften	CF
Wirtschaftswissenschaften	FB
Wirtschaftswissenschaften	CFLA
Wirtschaftswissenschaften	VCNE
Wirtschaftswissenschaften	CT
Wirtschaftswissenschaften	CYBI
Wirtschaftswissenschaften	KH
Wirtschaftswissenschaften	OEKZ
Wirtschaftswissenschaften	DBM
Wirtschaftswissenschaften	DDH
Wirtschaftswissenschaften	DDS
Wirtschaftswissenschaften	DEI
Wirtschaftswissenschaften	DAR
Wirtschaftswissenschaften	AO
Wirtschaftswissenschaften	MCDB
Wirtschaftswissenschaften	DBL
Wirtschaftswissenschaften	DBWV
Wirtschaftswissenschaften	ERBS
Wirtschaftswissenschaften	ESTB
Wirtschaftswissenschaften	GAST
Wirtschaftswissenschaften	GEW
Wirtschaftswissenschaften	HAND
Wirtschaftswissenschaften	MALE
Wirtschaftswissenschaften	DNK
Wirtschaftswissenschaften	DST
Wirtschaftswissenschaften	STB
Wirtschaftswissenschaften	DTRS
Wirtschaftswissenschaften	USTB
Wirtschaftswissenschaften	DSTZ
Wirtschaftswissenschaften	DD
Wirtschaftswissenschaften	DIBA
Wirtschaftswissenschaften	DBW
Wirtschaftswissenschaften	STBG
Wirtschaftswissenschaften	STIF
Wirtschaftswissenschaften	DTZ
Wirtschaftswissenschaften	UNTE
Wirtschaftswissenschaften	DVP
Wirtschaftswissenschaften	VERW
Wirtschaftswissenschaften	ADIW
Wirtschaftswissenschaften	WIME
Wirtschaftswissenschaften	DIM
Wirtschaftswissenschaften	PLM
Wirtschaftswissenschaften	DIST
Wirtschaftswissenschaften	DIWW
Wirtschaftswissenschaften	DLGM
Wirtschaftswissenschaften	DVZ
Wirtschaftswissenschaften	DVZB
Wirtschaftswissenschaften	DWW
Wirtschaftswissenschaften	EMAR
Wirtschaftswissenschaften	EDBW
Wirtschaftswissenschaften	EEK
Wirtschaftswissenschaften	ERP
Wirtschaftswissenschaften	EUFI
Wirtschaftswissenschaften	EUSO
Wirtschaftswissenschaften	EB
Wirtschaftswissenschaften	EUZW
Wirtschaftswissenschaften	EXTR
Wirtschaftswissenschaften	VUNM
Wirtschaftswissenschaften	FBIE
Wirtschaftswissenschaften	KAFU
Wirtschaftswissenschaften	VST
Wirtschaftswissenschaften	FIM
Wirtschaftswissenschaften	FLF
Wirtschaftswissenschaften	FIWI
Wirtschaftswissenschaften	FLW
Wirtschaftswissenschaften	FLWI
Wirtschaftswissenschaften	FLOW
Wirtschaftswissenschaften	FM
Wirtschaftswissenschaften	FS
Wirtschaftswissenschaften	FSE
Wirtschaftswissenschaften	FH
Wirtschaftswissenschaften	FINR
Wirtschaftswissenschaften	FVW
Wirtschaftswissenschaften	GDI
Wirtschaftswissenschaften	GEBM
Wirtschaftswissenschaften	GWP
Wirtschaftswissenschaften	GG
Wirtschaftswissenschaften	GEPR
Wirtschaftswissenschaften	GELD
Wirtschaftswissenschaften	GRER
Wirtschaftswissenschaften	GET
Wirtschaftswissenschaften	GI
Wirtschaftswissenschaften	GA
Wirtschaftswissenschaften	GFGH
Wirtschaftswissenschaften	GFKM
Wirtschaftswissenschaften	GLIP
Wirtschaftswissenschaften	GMST
Wirtschaftswissenschaften	GOP
Wirtschaftswissenschaften	GVPR
Wirtschaftswissenschaften	HIF
Wirtschaftswissenschaften	HDJ
Wirtschaftswissenschaften	HMD
Wirtschaftswissenschaften	HMDS
Wirtschaftswissenschaften	HOE
Wirtschaftswissenschaften	HOR
Wirtschaftswissenschaften	HORA
Wirtschaftswissenschaften	HORS
Wirtschaftswissenschaften	HTT
Wirtschaftswissenschaften	HVM
Wirtschaftswissenschaften	IFOD
Wirtschaftswissenschaften	IFOS
Wirtschaftswissenschaften	IHKK
Wirtschaftswissenschaften	IMC
Wirtschaftswissenschaften	LAK
Wirtschaftswissenschaften	IMMA
Wirtschaftswissenschaften	IMMO
Wirtschaftswissenschaften	IMWI
Wirtschaftswissenschaften	REFA
Wirtschaftswissenschaften	IM
Wirtschaftswissenschaften	IA
Wirtschaftswissenschaften	INDB
Wirtschaftswissenschaften	OEIM
Wirtschaftswissenschaften	IBF
Wirtschaftswissenschaften	IAA
Wirtschaftswissenschaften	IAC
Wirtschaftswissenschaften	IWB
Wirtschaftswissenschaften	IS
Wirtschaftswissenschaften	ISR
Wirtschaftswissenschaften	ITT
Wirtschaftswissenschaften	ITB
Wirtschaftswissenschaften	ITG
Wirtschaftswissenschaften	IWT
Wirtschaftswissenschaften	JFAV
Wirtschaftswissenschaften	JFNS
Wirtschaftswissenschaften	JBM
Wirtschaftswissenschaften	JCSM
Wirtschaftswissenschaften	JEEM
Wirtschaftswissenschaften	JUKA
Wirtschaftswissenschaften	KEP
Wirtschaftswissenschaften	KEP
Wirtschaftswissenschaften	KFZW
Wirtschaftswissenschaften	KFZB
Wirtschaftswissenschaften	KMAG
Wirtschaftswissenschaften	KOCA
Wirtschaftswissenschaften	KONS
Wirtschaftswissenschaften	KONT
Wirtschaftswissenschaften	KOR
Wirtschaftswissenschaften	KUK
Wirtschaftswissenschaften	KRES
Wirtschaftswissenschaften	KU
Wirtschaftswissenschaften	KURS
Wirtschaftswissenschaften	LEDI
Wirtschaftswissenschaften	LP
Wirtschaftswissenschaften	LMZ
Wirtschaftswissenschaften	LMZS
Wirtschaftswissenschaften	LKH
Wirtschaftswissenschaften	LOGI
Wirtschaftswissenschaften	LOGI
Wirtschaftswissenschaften	LI
Wirtschaftswissenschaften	LOG
Wirtschaftswissenschaften	LGK
Wirtschaftswissenschaften	MAR
Wirtschaftswissenschaften	MAR
Wirtschaftswissenschaften	MUAR
Wirtschaftswissenschaften	MAKR
Wirtschaftswissenschaften	MREV
Wirtschaftswissenschaften	MM
Wirtschaftswissenschaften	MARC
Wirtschaftswissenschaften	THEX
Wirtschaftswissenschaften	MT
Wirtschaftswissenschaften	MAMI
Wirtschaftswissenschaften	MAMA
Wirtschaftswissenschaften	MF
Wirtschaftswissenschaften	MAV
Wirtschaftswissenschaften	MCKW
Wirtschaftswissenschaften	MID
Wirtschaftswissenschaften	MTME
Wirtschaftswissenschaften	HBNI
Wirtschaftswissenschaften	NGZ
Wirtschaftswissenschaften	OGEM
Wirtschaftswissenschaften	OELA
Wirtschaftswissenschaften	OEWI
Wirtschaftswissenschaften	OMNI
Wirtschaftswissenschaften	ONR
Wirtschaftswissenschaften	ORDO
Wirtschaftswissenschaften	ZOE
Wirtschaftswissenschaften	OWG
Wirtschaftswissenschaften	PAFO
Wirtschaftswissenschaften	PACK
Wirtschaftswissenschaften	PAFO
Wirtschaftswissenschaften	PASS
Wirtschaftswissenschaften	BVPE
Wirtschaftswissenschaften	PEMA
Wirtschaftswissenschaften	BVPN
Wirtschaftswissenschaften	PWI
Wirtschaftswissenschaften	PMJ
Wirtschaftswissenschaften	PHAM
Wirtschaftswissenschaften	PUA
Wirtschaftswissenschaften	OEKO
Wirtschaftswissenschaften	PORT
Wirtschaftswissenschaften	PPS
Wirtschaftswissenschaften	PF
Wirtschaftswissenschaften	PROJ
Wirtschaftswissenschaften	PM
Wirtschaftswissenschaften	PP
Wirtschaftswissenschaften	PUUM
Wirtschaftswissenschaften	QUAL
Wirtschaftswissenschaften	QE
Wirtschaftswissenschaften	QJIA
Wirtschaftswissenschaften	QZ
Wirtschaftswissenschaften	RBS
Wirtschaftswissenschaften	RAAK
Wirtschaftswissenschaften	REGA
Wirtschaftswissenschaften	REND
Wirtschaftswissenschaften	JBWW
Wirtschaftswissenschaften	RISK
Wirtschaftswissenschaften	RCUA
Wirtschaftswissenschaften	RTJ
Wirtschaftswissenschaften	RLH
Wirtschaftswissenschaften	SB
Wirtschaftswissenschaften	SHF
Wirtschaftswissenschaften	SBRE
Wirtschaftswissenschaften	SJB
Wirtschaftswissenschaften	SMF
Wirtschaftswissenschaften	SBAN
Wirtschaftswissenschaften	SBAN
Wirtschaftswissenschaften	SVER
Wirtschaftswissenschaften	SVER
Wirtschaftswissenschaften	SCOP
Wirtschaftswissenschaften	SCOP
Wirtschaftswissenschaften	SINV
Wirtschaftswissenschaften	SMA
Wirtschaftswissenschaften	SPAR
Wirtschaftswissenschaften	DSZ
Wirtschaftswissenschaften	DSZ
Wirtschaftswissenschaften	CO
Wirtschaftswissenschaften	STS
Wirtschaftswissenschaften	SSP
Wirtschaftswissenschaften	STGU
Wirtschaftswissenschaften	TAI
Wirtschaftswissenschaften	THBE
Wirtschaftswissenschaften	TAXI
Wirtschaftswissenschaften	TT
Wirtschaftswissenschaften	TW
Wirtschaftswissenschaften	TJ
Wirtschaftswissenschaften	TWP
Wirtschaftswissenschaften	TRE
Wirtschaftswissenschaften	TRE
Wirtschaftswissenschaften	TRUC
Wirtschaftswissenschaften	TAWI
Wirtschaftswissenschaften	UR
Wirtschaftswissenschaften	UR
Wirtschaftswissenschaften	UNED
Wirtschaftswissenschaften	VDIN
Wirtschaftswissenschaften	VEC
Wirtschaftswissenschaften	VERK
Wirtschaftswissenschaften	VR
Wirtschaftswissenschaften	VIM
Wirtschaftswissenschaften	VERS
Wirtschaftswissenschaften	VRA
Wirtschaftswissenschaften	VRR
Wirtschaftswissenschaften	VALU
Wirtschaftswissenschaften	VW
Wirtschaftswissenschaften	VJH
Wirtschaftswissenschaften	VOB
Wirtschaftswissenschaften	VRAG
Wirtschaftswissenschaften	MUM
Wirtschaftswissenschaften	WUV
Wirtschaftswissenschaften	WEBE
Wirtschaftswissenschaften	WIR
Wirtschaftswissenschaften	WUW
Wirtschaftswissenschaften	WIRO
Wirtschaftswissenschaften	WUWE
Wirtschaftswissenschaften	WUB
Wirtschaftswissenschaften	WPSY
Wirtschaftswissenschaften	WP
Wirtschaftswissenschaften	WW
Wirtschaftswissenschaften	WW
Wirtschaftswissenschaften	WWGR
Wirtschaftswissenschaften	WIM
Wirtschaftswissenschaften	WJ
Wirtschaftswissenschaften	WLB
Wirtschaftswissenschaften	WFP
Wirtschaftswissenschaften	WRP
Wirtschaftswissenschaften	THEX
Wirtschaftswissenschaften	ZFO
Wirtschaftswissenschaften	ZFAA
Wirtschaftswissenschaften	ZFGK
Wirtschaftswissenschaften	ZFKE
Wirtschaftswissenschaften	ZNER
Wirtschaftswissenschaften	ZFP
Wirtschaftswissenschaften	ZFT
Wirtschaftswissenschaften	ZUG
Wirtschaftswissenschaften	ZVS
Wirtschaftswissenschaften	ZWF
Wirtschaftswissenschaften	WM
Wirtschaftswissenschaften	ZFWU
Wirtschaftswissenschaften	ZFWP
Wirtschaftswissenschaften	ZFBF
Wirtschaftswissenschaften	ZFGG
Wirtschaftswissenschaften	ZFKO
Wirtschaftswissenschaften	ZKF
Wirtschaftswissenschaften	FB
Wirtschaftswissenschaften	VV
Wirtschaftswissenschaften	PLM
Wirtschaftswissenschaften	PPS
Wirtschaftswissenschaften	CW
Wirtschaftswissenschaften	DFI
Wirtschaftswissenschaften	ZM
Wirtschaftswissenschaften	GWW
Wirtschaftswissenschaften	DAE
Wirtschaftswissenschaften	AEZT
Wirtschaftswissenschaften	SPAO
Wirtschaftswissenschaften	EXFO
